{
  "token": {
    "Decentralized Mail": "विकेंद्रित मेल",
    "Compose": "मेल तयार करा",
    "Mailbox": "मेलबॉक्स",
    "Inbox": "इनबॉक्स",
    "Sent": "पाठविले",
    "My Contacts": "माझे संपर्क",
    "Contacts": "संपर्क",
    "Request": "कनेक्शन विनंती",
    "All Requests": "सर्व कनेक्शन विनंत्या",
    "Search for...": "शोध करा...",
    "Compose Mail": "मेल लिहा",
    "Subject": "विषय",
    "Message": "संदेश",
    "From": "पासून",
    "To": "च्याकडे",
    "Reply": "उत्तर द्या",
    "Forward": "फॉरवर्ड",
    "Appearance": "देखावा",
    "Logout": "लॉगआउट",
    "Email Sent": "ईमेल पाठविला",
    "Could not send email": "ईमेल पाठवू शकलो नाही",
    "Request Accepted": "विनंती स्वीकारली",
    "Request Rejected": "विनंती नाकारली",
    "Copyright": "कॉपीराइट",
    "Accion Labs": "एसीयन लॅब्स",
    "Ready to Leave?": "सोडण्यासाठी तयार आहात?",
    "Click on \"Logout\" to end your current session.": "आपल्या वर्तमान सत्रास समाप्त करण्यासाठी \"लॉगआउट\" वर क्लिक करा.",
    "Cancel": "रद्द करा",
    "Select a theme": "एक थीम निवडा",
    "Default": "डीफॉल्ट",
    "Dark Blue": "गडद निळा",
    "New Request": "नवीन विनंती",
    "Send a connection request": "एक कनेक्शन विनंती पाठवा",
    "Connection request sent!": "कनेक्शन विनंती पाठविली!",
    "A connection request has been sent.": "कनेक्शन विनंती पाठविली गेली आहे.",
    "You'll be connected when the recipient accepts the request.": "जेव्हा प्राप्तकर्ता विनंती स्वीकारतो तेव्हा आपण कनेक्ट व्हाल.",
    "Connection request could not be sent!": "कनेक्शन विनंती पाठविली जाऊ शकली नाही!",
    "Please try again later.": "कृपया पुन्हा प्रयत्न करा.",
    "Back": "मागे",
    "Kindly enter the email address below and we'll send connection request to the recipient!": "कृपया खाली ईमेल पत्ता प्रविष्ट करा आणि आम्ही प्राप्तकर्त्यास कनेक्शन विनंती पाठवू!",
    "Send Request": "विनंती पाठवा",
    "Accept": "स्वीकार",
    "Reject": "नाकार",
    "Sent on:": "पाठविला गेला:",
    "No new contact requests!": "कोणत्याही नवीन संपर्क विनंत्या नाहीत!",
    "Back to Dashboard": "डॅशबोर्डकडे परत",
    "Language": "भाषा",
    "Select a language": "एक भाषा निवडा",
    "Email": "ई-मेल",
    "Send": "पाठवा",
    "Enter email address": "ईमेल पत्ता प्रविष्ट करा",
    "Enter email subject": "ईमेल विषय प्रविष्ट करा",
    "Enter email body": "ईमेल बॉडी लिहा",
    "Enter Email Address...": "ईमेल पत्ता प्रविष्ट करा...",
    "0": "०",
    "1": "१",
    "2": "२",
    "3": "३",
    "4": "४",
    "5": "५",
    "6": "६",
    "7": "७",
    "8": "८",
    "9": "९",
    "00": "००",
    "01": "०१",
    "02": "०२",
    "03": "०३",
    "04": "०४",
    "05": "०५",
    "06": "०६",
    "07": "०७",
    "08": "०८",
    "09": "०९",
    "10": "१०",
    "11": "११",
    "12": "१२",
    "13": "१३",
    "14": "१४",
    "15": "१५",
    "16": "१६",
    "17": "१७",
    "18": "१८",
    "19": "१९",
    "20": "२०",
    "21": "२१",
    "22": "२२",
    "23": "२३",
    "24": "२४",
    "25": "२५",
    "26": "२६",
    "27": "२७",
    "28": "२८",
    "29": "२९",
    "30": "३०",
    "31": "३१",
    "32": "३२",
    "33": "३३",
    "34": "३४",
    "35": "३५",
    "36": "३६",
    "37": "३७",
    "38": "३८",
    "39": "३९",
    "40": "४०",
    "41": "४१",
    "42": "४२",
    "43": "४३",
    "44": "४४",
    "45": "४५",
    "46": "४६",
    "47": "४७",
    "48": "४८",
    "49": "४९",
    "50": "५०",
    "51": "५१",
    "52": "५२",
    "53": "५३",
    "54": "५४",
    "55": "५५",
    "56": "५६",
    "57": "५७",
    "58": "५८",
    "59": "५९",
    "60": "६०"
  },
  "regex": [
    ["Jan", "जानेवारी"],
    ["Feb", "फेब्रुवारी"],
    ["Mar", "मार्च"],
    ["Apr", "एप्रिल"],
    ["May", "मे"],
    ["Jun", "जून"],
    ["Jul", "जुलै"],
    ["Aug", "ऑगस्ट"],
    ["Sep", "सप्टेंबर"],
    ["Oct", "ऑक्टोबर"],
    ["Nov", "नोव्हेंबर"],
    ["Dec", "डिसेंबर"]
  ]
}
